{"epsilon": 0.4999099999999999, "BP": 0.484, "Perf/Reward": 32.0, "Perf/Value": 0.24525214731693268, "Perf/Blocking": 0.484, "Losses/Value Loss": 12.65403076171875, "Losses/Policy Loss": 2.178628387451172, "Losses/Entropy": 2.197213439941406, "Losses/Grad Norm Policy": 177.86158752441406, "Losses/Grad Norm Value": 1469.22900390625, "Losses/Var Norm Policy": 24.259366989135742, "Losses/Var Norm Value": 24.279573440551758, "Losses/Regu Loss Policy": 0.00014712920412421226, "Losses/Regu Loss Value": 0.00014737440273165703, "_timestamp": 1676473221.127361, "_runtime": 1208.848032951355, "_step": 1}