{"BP": 0.207, "epsilon": 0.9661100000001542, "Perf/Reward": 586.0, "Perf/Value": 11.617704391479492, "Perf/Blocking": 0.207, "Losses/Value Loss": 6.36092529296875, "Losses/Policy Loss": 0.6216221237182618, "Losses/Entropy": 0.47785606384277346, "Losses/Grad Norm Policy": 834.607666015625, "Losses/Grad Norm Value": 19189.38671875, "Losses/Var Norm Policy": 24.88081932067871, "Losses/Var Norm Value": 24.515031814575195, "Losses/Regu Loss Policy": 0.0001547637954354286, "Losses/Regu Loss Value": 0.00015024669468402863, "_timestamp": 1677007994.080153, "_runtime": 109773.99823403358, "_step": 677}