{"BP": 0.291, "epsilon": 0.9860600000000634, "Perf/Reward": 418.0, "Perf/Value": 10.077998161315918, "Perf/Blocking": 0.291, "Losses/Value Loss": 8.801690673828125, "Losses/Policy Loss": -0.37766605377197265, "Losses/Entropy": 0.6745333862304688, "Losses/Grad Norm Policy": 1458.4879150390625, "Losses/Grad Norm Value": 5400.76513671875, "Losses/Var Norm Policy": 24.617610931396484, "Losses/Var Norm Value": 24.41706657409668, "Losses/Regu Loss Policy": 0.00015150667168200015, "Losses/Regu Loss Value": 0.00014904826879501341, "_timestamp": 1676970571.997366, "_runtime": 72351.91544699669, "_step": 278}