{"BP": 0.44, "Perf/Reward": 120.0, "Perf/Value": 0.04102426767349243, "Perf/Blocking": 0.44, "Losses/Value Loss": 9.5887353515625, "Losses/Policy Loss": 3.994795227050781, "Losses/Entropy": 2.1972055053710937, "Losses/Grad Norm Policy": 97.38955688476562, "Losses/Grad Norm Value": 2610.09912109375, "Losses/Var Norm Policy": 24.273439407348633, "Losses/Var Norm Value": 24.328624725341797, "Losses/Regu Loss Policy": 0.00014729997143149377, "Losses/Regu Loss Value": 0.00014797047711908817, "_timestamp": 1675842483.068935, "_runtime": 318.34429001808167, "_step": 9}