{"best_bp": 0.287, "epsilon": 0.49335999999999336, "BP": 0.303, "Perf/Reward": 394.0, "Perf/Value": 6.693352699279785, "Perf/Blocking": 0.303, "Losses/Value Loss": 36.739814453125, "Losses/Policy Loss": 6.632958984375, "Losses/Entropy": 1.8721261596679688, "Losses/Grad Norm Policy": 4723.60400390625, "Losses/Grad Norm Value": 26934.423828125, "Losses/Var Norm Policy": 24.501636505126953, "Losses/Var Norm Value": 24.483165740966797, "Losses/Regu Loss Policy": 0.00015008254908025265, "Losses/Regu Loss Value": 0.00014985634945333004, "_timestamp": 1676560736.226704, "_runtime": 5631.030645847321, "_step": 133, "Slot Map (Value Function)": {"_type": "table-file", "sha256": "39c608be125bdcaff532262456ff2044010f2671ed82aa5e5a67252c54d48cbe", "size": 55813, "artifact_path": "wandb-client-artifact://agrc2bn2i36e856vdfbnelcvslk0ewhrjhd2s9nm84ib7mhta8a4t4ee54w1n6tb0frhsa9vbhy0ufyb07ch328ac8xj06crqa8oz5yu943nhb7jl8z7h2kynmj11wdd:latest/Slot Map (Value Function).table.json", "_latest_artifact_path": "wandb-client-artifact://agrc2bn2i36e856vdfbnelcvslk0ewhrjhd2s9nm84ib7mhta8a4t4ee54w1n6tb0frhsa9vbhy0ufyb07ch328ac8xj06crqa8oz5yu943nhb7jl8z7h2kynmj11wdd:latest/Slot Map (Value Function).table.json", "path": "media/table/Slot Map (Value Function)_97_39c608be125bdcaff532.table.json", "ncols": 3, "nrows": 4400}}