{"best_bp": 0.429, "epsilon": 0.4809099999999809, "BP": 0.583, "Perf/Reward": -166.0, "Perf/Value": 1.8871583938598633, "Perf/Blocking": 0.583, "Losses/Value Loss": 15.354619140625, "Losses/Policy Loss": -4.404986877441406, "Losses/Entropy": 2.096505584716797, "Losses/Grad Norm Policy": 1328.423095703125, "Losses/Grad Norm Value": 16713.37890625, "Losses/Var Norm Policy": 24.508710861206055, "Losses/Var Norm Value": 24.3197021484375, "Losses/Regu Loss Policy": 0.00015016922727227212, "Losses/Regu Loss Value": 0.0001478619687259197, "_timestamp": 1676554772.50777, "_runtime": 11135.388008117676, "_step": 384, "Slot Map (Value Function)": {"_type": "table-file", "sha256": "20819da5e6104edf493dbf94280ce504c72c7ef6df2a303a3a4d4bb48558e401", "size": 55813, "artifact_path": "wandb-client-artifact://r3znithhirdqjtzxxoxcih8ii1630vko195dp1nqob9we3z4w5cmzvbi0go91nn0kbsxe92rpjx2zus414hwkvu50noaa3k8xg2vh7ejestmd8ls96msyzwsqsdodc8w:latest/Slot Map (Value Function).table.json", "_latest_artifact_path": "wandb-client-artifact://r3znithhirdqjtzxxoxcih8ii1630vko195dp1nqob9we3z4w5cmzvbi0go91nn0kbsxe92rpjx2zus414hwkvu50noaa3k8xg2vh7ejestmd8ls96msyzwsqsdodc8w:latest/Slot Map (Value Function).table.json", "path": "media/table/Slot Map (Value Function)_299_20819da5e6104edf493d.table.json", "ncols": 3, "nrows": 4400}}