{"BP": 0.225, "Perf/Reward": 550.0, "Perf/Value": 11.009856224060059, "Perf/Blocking": 0.225, "Losses/Value Loss": 11.534605712890626, "Losses/Policy Loss": 1.0923220062255858, "Losses/Entropy": 0.6156102752685547, "Losses/Grad Norm Policy": 614.4801025390625, "Losses/Grad Norm Value": 15254.50390625, "Losses/Var Norm Policy": 24.711687088012695, "Losses/Var Norm Value": 24.474567413330078, "Losses/Regu Loss Policy": 0.0001526668481528759, "Losses/Regu Loss Value": 0.00014975111931562424, "_timestamp": 1675839909.552459, "_runtime": 77660.84682893753, "_step": 482}