{"LPID": null, "srcNode": 13, "dstNode": 14, "provDR": 950.0, "SNR": null, "configID": 39.0, "pathID": 2, "fsID": 0.0, "actionID": 6, "linklist": [13, 11, 12, 14], "indices": null, "blocking": 0, "demandID": 90, "pathLength": [39, 33, 37], "links": [39, 33, 37], "carry": false, "_timestamp": 1676541019.433943, "_runtime": 289.9000360965729, "_step": 27, "best_bp": 0.441, "epsilon": 0.49975999999999976, "BP": 0.441, "Perf/Reward": 118.0, "Perf/Value": -0.02460305020213127, "Perf/Blocking": 0.441, "Losses/Value Loss": 14.0854541015625, "Losses/Policy Loss": 5.88429443359375, "Losses/Entropy": 2.1972088623046875, "Losses/Grad Norm Policy": 314.7777099609375, "Losses/Grad Norm Value": 5351.26953125, "Losses/Var Norm Policy": 24.226364135742188, "Losses/Var Norm Value": 24.305442810058594, "Losses/Regu Loss Policy": 0.00014672916382551192, "Losses/Regu Loss Value": 0.0001476886123418808}