{"best_bp": 0.435, "epsilon": 0.49845999999999846, "BP": 0.449, "Perf/Reward": 102.0, "Perf/Value": 1.3916743993759155, "Perf/Blocking": 0.449, "Losses/Value Loss": 26.02865966796875, "Losses/Policy Loss": 8.72085205078125, "Losses/Entropy": 2.1958018493652345, "Losses/Grad Norm Policy": 1694.046142578125, "Losses/Grad Norm Value": 10655.59375, "Losses/Var Norm Policy": 24.371347427368164, "Losses/Var Norm Value": 24.3287353515625, "Losses/Regu Loss Policy": 0.00014849064871668815, "Losses/Regu Loss Value": 0.00014797184616327286, "_timestamp": 1676543099.604937, "_runtime": 1109.5658640861511, "_step": 30}