{"BP": 0.262, "Perf/Reward": 476.0, "Perf/Value": 10.527962684631348, "Perf/Blocking": 0.262, "Losses/Value Loss": 12.94240966796875, "Losses/Policy Loss": -0.7739620208740234, "Losses/Entropy": 0.693154067993164, "Losses/Grad Norm Policy": 326.2518005371094, "Losses/Grad Norm Value": 22242.234375, "Losses/Var Norm Policy": 24.758544921875, "Losses/Var Norm Value": 24.530855178833008, "Losses/Regu Loss Policy": 0.00015324639156460762, "Losses/Regu Loss Value": 0.00015044069848954678, "_timestamp": 1675870249.0563998, "_runtime": 27152.591455936432, "_step": 511}